;time;Channel0_impression;Channel1_impression;Channel2_impression;Channel3_impression;Channel4_impression;Channel0_spend;Channel1_spend;Channel2_spend;Channel3_spend;Channel4_spend;conversions;revenue_per_conversion
0;01/01/2024;4599;0;0;0;0;278,92;0;0;0;0;28,55;32,38
1;02/01/2024;5747;0;0;0;0;349,56;0;0;0;0;40,79;31,07
2;03/01/2024;5573;0;0;0;0;310,38;0;0;0;0;36,28;34,4
3;04/01/2024;4884;33871;0;0;0;262,63;32,79;0;0;0;78,27;6,44
4;05/01/2024;4132;13361;0;0;0;269,76;47,67;0;0;0;116,41;9,95
5;06/01/2024;5213;10655;0;0;0;310,34;30,87;0;0;0;128,49;9,97
6;07/01/2024;4932;14515;0;0;0;287,77;29,9;0;0;0;120,26;8,72
7;08/01/2024;4861;11782;0;0;0;299,01;27,4;0;0;0;125,29;10,37
8;09/01/2024;3739;10564;0;0;0;202,51;29,3;0;0;0;137,93;7,55
9;10/01/2024;3299;12818;0;0;0;161,54;29,72;0;0;0;200,92;9,03
10;11/01/2024;3202;13137;0;0;0;169,8;28,93;0;0;0;175,69;8,47
11;12/01/2024;2863;22600;0;0;0;140,11;31,69;0;0;0;171,61;4,97
12;13/01/2024;3240;23568;0;0;0;122,74;28,64;0;0;0;170,97;5,36
13;14/01/2024;4091;21211;0;0;0;151,14;27,35;0;0;0;151,84;4,39
14;15/01/2024;4556;25503;0;0;0;180,51;25,8;0;0;0;158,48;7,91
15;16/01/2024;3640;28723;0;0;0;144,05;26,74;0;0;0;152,88;7,97
16;17/01/2024;3434;26544;0;0;0;136,36;27,42;0;0;0;161,27;5,6
17;18/01/2024;3238;45324;0;0;0;168,74;46,02;0;0;0;261,92;4,3
18;19/01/2024;3435;47764;0;0;0;200,04;48,3;0;0;0;275,8;4,06
19;20/01/2024;3540;48895;0;0;0;207,32;48,58;0;0;0;279,23;4,21
20;21/01/2024;4277;49436;0;0;0;196,27;47,59;0;0;0;279,01;3,68
21;22/01/2024;3693;44462;0;0;0;188,93;45,38;0;0;0;279,64;2,94
22;23/01/2024;4233;20687;0;0;0;174,65;30,95;0;0;0;170,05;6,63
23;24/01/2024;4329;25747;0;0;0;180,15;47,73;0;0;0;206,81;8,34
24;25/01/2024;4398;28915;0;0;0;186,45;60,51;0;0;0;195,09;6,17
25;26/01/2024;4298;24809;0;0;0;205,03;46,68;0;0;0;185,9;5,99
26;27/01/2024;3860;18519;0;0;0;188,41;34,73;0;0;0;167,13;7,57
27;28/01/2024;4627;17171;0;0;0;216,18;36,06;0;0;0;148,39;5,92
28;29/01/2024;2858;18241;0;0;0;107,5;36;0;0;0;132,29;4,91
29;30/01/2024;4044;20662;0;0;0;177,07;36,18;0;0;0;142,19;7,17
30;31/01/2024;3868;19855;0;0;0;168,49;36,64;0;0;0;159,62;6,71
31;01/02/2024;4076;40104;27;0;0;213,56;80,69;0;0;0;311,05;5,33
32;02/02/2024;4058;51890;629;0;0;244,82;96,05;24,15;0;0;315,09;4,31
33;03/02/2024;4231;34150;4456;0;0;252;90,68;29;0;0;295,47;6,71
34;04/02/2024;4792;39291;4292;0;0;266,74;85,24;16,15;0;0;344,46;4,45
35;05/02/2024;5596;29730;473;0;0;301,99;87,63;21,24;0;0;276,07;6,01
36;06/02/2024;4497;38710;342;0;0;302,36;85,96;21,62;0;0;331,84;4,17
37;07/02/2024;3701;39501;1447;0;0;272,68;86,91;51,09;0;0;296,78;5,08
38;08/02/2024;4193;38843;678;0;0;295,05;81,05;21,79;0;0;264,69;5,08
39;09/02/2024;3603;88402;528;0;0;282,47;243,79;40,1;0;0;579,35;3,47
40;10/02/2024;4168;80347;506;0;0;288,41;329,03;36,33;0;0;613,76;3,27
41;11/02/2024;4532;69036;938;0;0;262,79;293,76;32,95;0;0;613,76;2,9
42;12/02/2024;4541;79068;794;0;0;250,11;276,22;35,03;0;0;590,91;2,59
43;13/02/2024;4686;99515;708;0;0;303,79;257,6;34,59;0;0;608,58;2,84
44;14/02/2024;4980;103532;1113;0;0;338,16;269,51;55,64;0;0;622,72;3,56
45;15/02/2024;4890;169187;1093;0;0;331,13;265,02;56,02;0;0;655,96;3,45
46;16/02/2024;4816;138753;727;0;0;343,57;294,26;55,92;0;0;854,12;1,49
47;17/02/2024;4744;122006;955;0;0;278,77;283,65;57,72;0;0;820,32;0,99
48;18/02/2024;5399;123105;1056;0;0;310,01;286,51;55,3;0;0;975,26;1,58
49;19/02/2024;5340;132084;1181;0;0;328,99;271,38;37,05;0;0;930,14;2,58
50;20/02/2024;3843;132990;799;0;0;256,69;286,18;42,68;0;0;909,26;2,15
51;21/02/2024;4229;153094;948;0;0;275,84;277,04;53,29;0;0;884,85;2,24
52;22/02/2024;4154;134292;905;0;0;291,04;294,93;54,59;0;0;954,34;1,31
53;23/02/2024;4053;159092;734;0;0;264,15;268,65;44,55;0;0;958,6;2,21
54;24/02/2024;3885;131516;820;0;0;258,14;272,73;59,16;0;0;881,57;3,21
55;25/02/2024;4379;137648;911;0;0;266,28;272,23;37,48;0;0;896,47;2,31
56;26/02/2024;4329;113745;1030;0;0;265,12;263,84;41,73;0;0;903,48;2,41
57;27/02/2024;4322;146019;872;0;0;236,55;266,55;39,9;0;0;853,33;2,85
58;28/02/2024;3694;152402;931;0;0;259,33;257,14;40,7;0;0;843,75;2,41
59;29/02/2024;3724;154575;908;0;0;254,57;246,69;37,9;0;0;845,87;2,83
60;01/03/2024;3898;139988;942;0;0;263,77;242,21;41,15;0;0;878,55;2,93
61;02/03/2024;3903;141720;920;0;0;245,28;194,49;42,94;0;0;865,92;3,17
62;03/03/2024;4481;130643;1006;0;0;246,2;204,49;40,45;0;0;815,18;3,21
63;04/03/2024;2130;128390;336;0;0;105,19;163,99;11,81;0;0;612,06;1,67
64;05/03/2024;457;51619;110;0;0;25,68;124,2;7,57;0;0;245,24;1,59
65;06/03/2024;4334;72436;1059;0;0;295,2;256,88;79,95;0;0;420,01;4,03
66;07/03/2024;4096;134893;922;0;0;275,5;198,46;61,41;0;0;726,51;3,42
67;08/03/2024;3808;85869;855;0;0;279,71;160,24;46,47;0;0;582,3;4,81
68;09/03/2024;3926;115377;1071;0;0;249,99;112,43;60,48;0;0;591,67;3,83
69;10/03/2024;4463;75807;1115;0;0;258,3;116,11;83,94;0;0;542,3;7,11
70;11/03/2024;3843;141738;1142;0;0;222,14;112,72;60,55;0;0;672,78;4,19
71;12/03/2024;3294;39156;1342;0;0;207,13;111,3;59,23;0;0;279,38;10,97
72;13/03/2024;2894;38840;1511;0;0;199,51;111,96;65,37;0;0;298,75;9,2
73;14/03/2024;3337;37556;1322;0;0;250,77;101,22;62,57;0;0;306,72;11,69
74;15/03/2024;3813;35182;1250;0;0;272,75;100,04;65,23;0;0;282,99;9,62
75;16/03/2024;3783;39140;1532;0;0;279,98;97,16;61,53;0;0;318,6;9,33
76;17/03/2024;4369;31301;2855;0;0;274,51;99,37;62,61;0;0;324,67;9,68
77;18/03/2024;4259;32434;1799;0;0;225,77;98,31;79,79;0;0;295,98;9,57
78;19/03/2024;4235;34937;1703;0;0;208,17;99,21;89,17;0;0;302,32;8,83
79;20/03/2024;3993;33539;1601;0;0;222,07;93,67;91,26;0;0;297,44;10,1
80;21/03/2024;3948;38605;1293;0;0;208,95;100,01;97,97;0;0;274,41;9,17
81;22/03/2024;3937;36276;1275;0;0;238,26;94,8;79,37;0;0;318,7;10,1
82;23/03/2024;4157;17137;1188;0;0;237,02;71,98;67,89;0;0;208,34;14,54
83;24/03/2024;4278;13207;1326;0;0;210,49;50,29;86,76;0;0;189,97;18,48
84;25/03/2024;4167;6013;1366;0;0;190,98;11,76;67,85;0;0;147,26;19,86
85;26/03/2024;4130;6788;2074;0;0;194,39;10,11;73,8;0;0;142,03;19,32
86;27/03/2024;3976;5447;1999;0;0;187,04;9,83;85,35;0;0;160,67;21,55
87;28/03/2024;3729;5769;1488;0;0;185,53;9,28;59,27;0;0;121,01;24
88;29/03/2024;3534;7960;1309;0;0;183,4;10,62;69,67;0;0;132,34;21,84
89;30/03/2024;3394;6140;1442;0;0;178,45;9,13;72,53;0;0;120,86;22,6
90;31/03/2024;3568;6647;1549;0;0;165,51;9,01;63,65;0;0;119,51;18,34
91;01/04/2024;3881;7898;1274;0;0;201,52;12,29;60,77;0;0;160,64;21,19
92;02/04/2024;4326;8030;1341;0;0;237,39;11,39;54,06;0;0;106,71;18,57
93;03/04/2024;4094;7412;1566;0;0;252,38;12,28;65,85;0;0;140,52;19,35
94;04/04/2024;5133;6649;1336;0;0;260,46;11,09;85,25;0;0;134,57;23,38
95;05/04/2024;4562;5122;1611;0;0;255,64;11,01;90,7;0;0;163,45;21,69
96;06/04/2024;4333;5645;1511;0;0;222,11;10,82;76,63;0;0;127,36;21,61
97;07/04/2024;4158;6959;1508;0;0;227,13;10,86;85,14;0;0;130,1;22,45
98;08/04/2024;4329;22686;1346;0;0;250,99;49,67;78,8;0;0;207,32;13,66
99;09/04/2024;3836;92797;1295;0;0;259,67;164,92;80,96;0;0;529,94;6,69
100;10/04/2024;4267;93405;1557;0;0;242,53;187,31;79,49;0;0;551,68;6,08
101;11/04/2024;4203;63851;1456;0;0;237,82;130,34;78,87;0;0;408,32;5,62
102;12/04/2024;5314;64946;1827;0;0;324,25;132,42;107,29;0;0;397,45;5,03
103;13/04/2024;5286;82812;2212;0;0;373,55;170,83;177,39;0;0;452,23;3,58
104;14/04/2024;5440;76759;2035;0;0;341,02;234,27;139,16;0;0;469,91;4,27
105;15/04/2024;5275;76839;2046;0;0;363,35;193,76;124,23;0;0;473,3;7,68
106;16/04/2024;4914;77855;2247;0;0;302,99;181,45;135,91;0;0;446,39;4,22
107;17/04/2024;5216;62586;2340;0;0;292,25;198,74;130,06;0;0;393,77;5,75
108;18/04/2024;4305;69646;1947;0;0;283,49;184,14;117,08;0;0;414,56;6,18
109;19/04/2024;1983;47224;677;0;0;109,6;93,58;50,08;0;0;288;3,38
110;20/04/2024;5238;80935;3134;0;0;302,08;181,29;248,99;0;0;491,26;6,15
111;21/04/2024;5939;75021;1868;0;0;387,12;165,4;156,14;0;0;439,65;5,04
112;22/04/2024;6308;75475;2653;0;0;442,47;185,25;154,08;0;0;432,35;4,88
113;23/04/2024;6425;77323;3832;0;0;429,59;175,92;236,51;0;0;473,27;5,05
114;24/04/2024;6786;69962;3192;0;0;499,15;178,24;190,81;0;0;437,39;6,03
115;25/04/2024;6607;70935;2864;0;0;493,01;165,99;169,36;0;0;449,45;4,28
116;26/04/2024;6356;63326;3286;0;0;468,79;154,69;190,03;0;0;390,39;5,1
117;27/04/2024;5837;69459;2812;0;0;366,57;197,84;198,53;0;0;403,29;4,46
118;28/04/2024;5730;65633;2870;0;0;328,9;189,01;181,64;0;0;378,73;5,72
119;29/04/2024;6211;60350;2918;0;0;288,76;154,24;183,12;0;0;333,81;5,6
120;30/04/2024;5949;64311;2466;0;0;285,16;165,69;174,41;0;0;379,62;6,86
121;01/05/2024;5917;80097;2047;0;0;301,84;181,59;138,56;0;0;394,16;6,88
122;02/05/2024;6014;75616;1718;0;0;303,16;134,28;118,8;0;0;478,98;6,97
123;03/05/2024;6883;60686;2388;0;0;413,39;123,96;162,86;0;0;427,94;6,8
124;04/05/2024;6866;58135;2727;0;0;433,21;129,67;142,12;0;0;403,01;6,85
125;05/05/2024;8954;60767;2859;0;0;689,67;135,72;203,41;0;0;453,21;8,04
126;06/05/2024;8662;61459;3125;0;0;566,17;132,49;219,16;0;0;421,86;6,45
127;07/05/2024;7842;64888;2795;0;0;580,32;133,81;154,45;0;0;394,11;6,24
128;08/05/2024;7633;55828;2540;0;0;596,68;128,21;185,65;0;0;363,22;5,12
129;09/05/2024;7520;58253;2629;0;0;504,51;127,92;175,09;0;0;385,52;6,58
130;10/05/2024;7159;61776;2013;0;0;440,61;130,99;196,92;0;0;397,69;7,61
131;11/05/2024;6024;55199;1768;0;0;308,85;128,11;150,45;0;0;363,85;7,06
132;12/05/2024;6605;51543;2391;0;0;362,73;128,44;160,19;0;0;352,32;6,88
133;13/05/2024;6853;49572;3606;0;0;388,71;110,77;204,61;0;0;389,97;9,61
134;14/05/2024;5580;51253;3488;0;0;319,27;116,2;222,45;0;0;343,3;8,82
135;15/05/2024;6625;52921;3057;0;0;410,84;110,92;195,06;0;0;397,4;5,95
136;16/05/2024;6999;53389;2722;0;0;485,51;110,02;189,02;0;0;397,58;8,45
137;17/05/2024;6858;54753;2505;0;0;527,74;114,41;156,38;0;0;395,36;9,42
138;18/05/2024;6470;51552;2929;0;0;387,42;109,69;134,92;0;0;397,35;8,99
139;19/05/2024;6391;50063;2321;0;0;443,4;111,98;161,42;0;0;348,79;9,92
140;20/05/2024;7206;45521;2660;0;0;540,13;108,81;182,66;0;0;372,73;8,49
141;21/05/2024;6663;49408;4650;0;0;553,89;112,3;208,1;0;0;353,71;9,27
142;22/05/2024;6810;51578;2844;5268;0;575,7;108,58;177,24;39,98;0;330,71;8,48
143;23/05/2024;6843;50711;2567;3415;0;504,41;111,53;164,41;21,69;0;390,33;9,26
144;24/05/2024;7191;47134;2263;3727;0;532,63;108,92;139,04;20,68;0;351,09;7,63
145;25/05/2024;5475;48958;1520;3733;0;433,69;98,01;139,71;20,12;0;317,05;8,08
146;26/05/2024;6147;46560;1820;3961;0;463,21;114,38;127,56;20,36;0;340,45;6,75
147;27/05/2024;7412;45996;2034;4038;0;502,33;110,36;127,54;20,53;0;385,65;9,07
148;28/05/2024;6560;51422;2389;3606;0;498,95;128,76;155,04;19,88;0;361,19;7,06
149;29/05/2024;6780;51634;2458;3746;1971;517,33;130,94;181,86;19,57;37,54;411,08;9,68
150;30/05/2024;6619;54919;2543;3755;3648;504,11;138,61;153,77;19,09;56,99;413,55;9,31
151;31/05/2024;6178;48263;2464;3590;4573;481,66;126,24;149,73;18,16;40,47;389,12;9,4
152;01/06/2024;6411;58373;2505;4238;15703;458,42;140,84;130,97;20,34;38,09;398,7;7,82
153;02/06/2024;7141;62842;2624;4369;21108;519,08;147,32;166,64;21,03;37,04;487,12;8,31
154;03/06/2024;7810;45753;3079;4546;15233;583,91;107,86;186,01;21,33;54,73;386,02;11,28
155;04/06/2024;7973;34299;3227;4351;14234;581,39;79,18;168,05;21,19;52,13;316,62;12,69
156;05/06/2024;7326;36332;2274;4296;7470;501,12;71,33;155,42;21,12;35,49;335,24;11,57
157;06/06/2024;6899;39413;2024;4299;9656;471,25;70,09;101,87;21,04;37;344,56;11,96
158;07/06/2024;6237;49013;1679;4395;10222;433,22;113,76;132,86;21,16;31,33;384,82;11,77
159;08/06/2024;6045;51533;1732;4361;11326;435,08;126,15;135,83;20,75;23,51;409,58;11,68
160;09/06/2024;7000;49374;1625;4405;13544;495,01;120,6;129,78;21,18;56,78;404,94;13,43
161;10/06/2024;8848;46577;2586;4370;9773;624,09;112,81;175,57;20,97;43,79;436,08;12,42
162;11/06/2024;7778;45371;2304;4124;12337;551,46;105,6;172,03;20,83;39,44;404,65;13,44
163;12/06/2024;7609;46725;1807;3020;10371;583,62;107,91;140;15;27,91;380,59;14,76
164;13/06/2024;6814;57327;2138;2139;9554;558,56;114,6;136,61;10,83;21,58;431,94;12,01
165;14/06/2024;6830;49106;2151;0;7724;482,55;109,19;132,48;0;13,75;453,54;14,89
166;15/06/2024;6399;48496;1951;0;6339;491,4;104,37;135,91;0;17,39;481,26;17,16
167;16/06/2024;6571;48953;1793;0;8317;477,39;113,66;135,94;0;46,1;484,08;13,6
168;17/06/2024;4076;32333;715;0;4758;317,42;73,31;52,96;0;35,32;280,42;13,62
169;18/06/2024;7830;57623;2160;0;9161;648,13;138,08;215,66;0;27,19;462,93;15,66
170;19/06/2024;7523;50441;2065;0;8851;590,23;102,37;121,99;0;39,94;419,55;14,67
171;20/06/2024;6602;49387;1974;0;4797;524,24;88,73;142,74;0;30,05;445,93;14,84
172;21/06/2024;6692;50682;2191;0;3830;485,63;107,86;135,64;0;21,4;439,26;15,08
173;22/06/2024;6554;75896;2063;0;6958;513,41;139,63;145,92;0;20,25;545,33;12,17
174;23/06/2024;6902;73854;2576;0;7141;496,76;140,22;139,75;0;19,57;516,71;11,48
175;24/06/2024;7067;59644;2674;0;6445;499,6;127;132,83;0;22,02;449,84;11,54
176;25/06/2024;7389;66426;2216;0;3654;502,27;122,77;132,63;0;8,51;458,6;9,68
177;26/06/2024;8593;67552;2411;0;672;479,23;120,3;119;0;0,85;437,15;9,97
178;27/06/2024;7621;65953;2050;0;1413;493,22;123,96;118,49;0;3,46;545,32;13,6
179;28/06/2024;6282;62121;2298;0;3060;412,95;126,65;103,16;0;12,69;527,14;13,92
180;29/06/2024;6385;59699;2411;0;6211;394,97;130;125,13;0;19,66;534,92;14,2
181;30/06/2024;6769;59630;2116;0;5362;425,76;156,66;113,04;0;39,97;505,12;11,96
182;01/07/2024;7138;67772;2263;0;4195;522,24;142,12;132,49;0;28,29;522,52;12,53
183;02/07/2024;7873;74746;2244;0;3800;532,08;135,14;123,4;0;28,45;519,44;12,74
184;03/07/2024;7699;68102;2344;0;6877;548,64;143,61;146,89;0;18,95;540,75;12,69
185;04/07/2024;7678;68235;2089;0;7925;552,14;132,8;107,47;0;38,75;500,11;12,21
186;05/07/2024;6450;73827;4948;0;5660;503,35;155;160,99;0;29,09;553,26;13,15
187;06/07/2024;6614;71867;33464;0;4529;500,58;157,64;296,01;0;31,51;543,04;11,99
188;07/07/2024;7939;71088;34155;0;4991;549,68;151,7;241;0;31,03;542,31;10,3
189;08/07/2024;9243;63800;18671;0;11012;618,08;146,46;195,08;0;40,58;548,28;13,4
190;09/07/2024;7558;68138;16520;0;8399;558,58;150,29;286,07;0;39,05;504,11;12,27
191;10/07/2024;7925;69569;13351;0;8078;544,68;137,46;220,07;0;37,71;492,22;11,93
192;11/07/2024;7910;68369;10156;0;9198;600,01;135,25;272,28;0;36,47;513;11,02
193;12/07/2024;7759;73723;9964;0;6538;575,14;178,67;256,39;0;36,66;501,82;12,71
194;13/07/2024;7075;73188;8641;0;9610;554,35;172,86;241,5;0;32,89;590,88;10,92
195;14/07/2024;7061;78770;11833;0;10649;533,13;185,4;239,63;0;49,09;559,22;11,58
196;15/07/2024;8326;80561;18621;0;8316;442,2;199,13;207,13;0;43,28;525,97;7,74
197;16/07/2024;6746;68404;12049;0;8673;493,63;162,34;265,4;0;41,76;528,29;11,61
198;17/07/2024;4472;67556;18319;0;9109;510,31;151,93;227,65;0;40,23;463,53;12,83
199;18/07/2024;5612;78394;11581;0;8566;494,43;190,64;263,45;0;41,7;521,92;10,49
200;19/07/2024;6204;90741;47482;0;6330;645,71;269,99;267,51;0;41,43;601,65;8,31
201;20/07/2024;5575;89855;222405;0;6088;562,24;273,88;409,22;0;40,85;576,21;8,22
202;21/07/2024;6753;77261;39683;0;5500;623,38;276,4;302,02;0;41,1;570,87;7,11
203;22/07/2024;6502;83184;57671;0;6375;640,43;268,01;346,52;0;41,58;618,68;9,78
204;23/07/2024;6509;106056;42813;0;7116;606,57;277,9;315,52;0;39,27;727,11;8,88
205;24/07/2024;5904;83818;45300;0;7446;541,41;242,62;334,69;0;40,25;625,18;10,87
206;25/07/2024;5796;88590;38848;0;6034;569,14;248,04;375,24;0;40,12;607,2;10,74
207;26/07/2024;5438;91860;24380;0;5949;551,3;231,1;347,39;0;38,89;634,5;10,32
208;27/07/2024;4950;85918;24590;0;5457;534,99;243,95;333,56;0;38,94;621,34;10,07
209;28/07/2024;5523;78952;21320;0;6584;503,2;222,32;321,01;0;41,33;557,03;11,24
210;29/07/2024;5681;92527;17109;0;6156;490,52;254,07;312,77;0;37,68;607,18;7,83
211;30/07/2024;6496;87957;19341;0;5571;540,1;256,35;316,22;0;34,83;603,59;9,86
212;31/07/2024;5929;73968;21024;0;6313;504,03;260,33;305,07;0;34,7;537,09;10,46
213;01/08/2024;6201;99265;21442;0;7626;561,99;296,34;340,93;0;41,44;686,23;8,93
214;02/08/2024;6567;99266;25132;0;4446;637,92;286,32;349,24;0;41,31;641,23;9,87
215;03/08/2024;5938;95891;21712;0;6201;651,43;245,39;337,89;0;39,53;624,94;9,09
216;04/08/2024;5780;96705;24397;0;5205;593,35;239,64;344,79;0;42,67;601,54;7,36
217;05/08/2024;6717;93512;21078;0;8452;626,83;232,21;319,58;0;44,58;622,19;8,93
218;06/08/2024;7091;92195;18754;0;7429;635,17;252,67;358,56;0;47,83;607,92;8,99
219;07/08/2024;6523;75065;17547;0;5181;541,9;216,88;319,61;0;39,39;510,37;8,92
220;08/08/2024;7130;34911;21391;0;6147;592,17;85,98;369,1;0;38,82;355,78;14,43
221;09/08/2024;7007;35008;20029;0;6137;630,75;86,29;328,84;0;39,02;382,26;15,38
222;10/08/2024;6558;38838;21400;0;4651;637,83;116,02;312,35;0;38,33;365,83;12,38
223;11/08/2024;6907;44376;19130;0;6280;584,46;114,71;368,47;0;41,82;382,85;10,76
224;12/08/2024;7911;29979;23841;0;6531;637,08;92,6;316,05;0;68,12;351,72;14,43
225;13/08/2024;7732;21406;23283;0;8948;589,92;72,82;328,31;0;64,99;273,89;16,55
226;14/08/2024;7702;19682;14498;0;7573;573,21;77,53;345,5;0;67,58;298,78;19,57
227;15/08/2024;8666;18259;18414;0;8025;717,4;73,49;341,3;0;65,54;311,17;16,18
228;16/08/2024;8065;17316;18443;0;8377;679,56;68,92;309,65;0;63,87;324,08;20,05
229;17/08/2024;7630;16525;17911;0;7739;662,62;77,23;324,07;0;63,38;321,11;17,29
230;18/08/2024;7850;17436;18081;0;7507;648,04;82,94;330,82;0;63,35;287,93;19,64
231;19/08/2024;8899;20577;14936;0;8105;617,41;70,07;317,68;0;76,29;284,74;17,5
232;20/08/2024;7790;21172;16885;0;7089;595,04;76,08;351,14;0;63,82;317,14;15,87
233;21/08/2024;7689;21408;15260;0;9088;623,51;62,48;359,2;0;62,86;294,01;17,91
234;22/08/2024;7578;17069;15594;0;8879;545,55;63,33;332,64;0;67,43;276,41;20,93
235;23/08/2024;7901;15640;14921;0;8444;524,36;61,4;358,77;0;51,87;283,15;19,7
236;24/08/2024;8061;17260;14429;0;7132;589,8;64,7;357,47;0;63,9;306,21;18,75
237;25/08/2024;8357;17128;37402;0;8989;517,96;59,52;362,33;0;61,99;258,8;16,11
238;26/08/2024;9465;14957;23640;0;8370;633,16;58,76;379,61;0;63,01;267,5;18,6
239;27/08/2024;7872;8411;24018;0;9208;446,25;51,95;356,81;0;61,85;207,44;20,65
240;28/08/2024;7115;7986;89655;0;7614;406,43;54,75;348,93;0;60,36;224,46;22,9
241;29/08/2024;8925;6400;57362;0;7899;491,29;48,05;353,96;0;58,88;226,87;23,28
242;30/08/2024;8096;7342;50507;0;8444;526,71;48,75;324,76;0;70,66;197,36;23,82
243;31/08/2024;7947;8438;28825;0;7113;500,5;53,44;354,49;0;69,21;211,39;24,89
244;01/09/2024;8904;7676;36627;0;7414;628,58;55,27;401,47;0;73,63;277,87;24,79
245;02/09/2024;9804;14811;40872;0;8627;650,69;103,66;414,47;0;77;317,68;20,99
246;03/09/2024;11068;15897;38953;0;7753;688,6;105,35;439,81;0;77,19;260,71;19,66
247;04/09/2024;9685;16351;35766;0;7421;730,33;115,92;429,05;0;74,47;265,02;18,46
248;05/09/2024;10608;14283;39015;0;7921;700,28;105,58;412,82;0;74,93;300,61;20,38
249;06/09/2024;10371;13767;38868;0;9476;737,55;116,55;439,72;0;69,69;281,05;19,6
250;07/09/2024;9479;15193;53220;0;7017;555,62;133,62;439,28;0;70,63;325,41;19,52
251;08/09/2024;8822;14357;47461;0;7259;504,75;107,7;476,74;0;74,9;325,33;17,35
252;09/09/2024;10411;14762;30761;0;8218;555,92;111,34;478,17;0;75,45;255,11;21,36
253;10/09/2024;10091;12641;33103;0;7969;645,16;80,41;501,23;0;94,51;294,51;25,15
254;11/09/2024;9601;11829;32866;0;7695;607,33;80,44;490,55;0;94,7;254,82;21,09
255;12/09/2024;8107;11695;40189;0;8683;531,77;84,1;485,3;0;93,37;249,28;21,55
256;13/09/2024;8178;12272;36349;0;8842;615,69;89,76;479,72;0;92,53;328,91;21,06
257;14/09/2024;8348;13373;29239;0;4235;524,46;117,02;484,65;0;56,66;304,84;16,86
258;15/09/2024;7675;15738;18775;0;0;555,37;128,95;468,28;0;0;338,26;18,83
259;16/09/2024;7226;16262;26000;0;9550;465,6;120,98;479,6;0;167,89;277,22;18,69
260;17/09/2024;7339;16285;35274;0;9542;415,49;125,03;487,05;0;152,78;286,21;19,03
261;18/09/2024;7818;16962;37067;0;9623;461,72;128,72;528,23;0;107,27;300,21;17,41
262;19/09/2024;7534;14066;43497;0;9040;462,31;100,25;573,31;0;107,74;289,52;21,32
263;20/09/2024;7162;12122;37068;0;8309;552,78;91,31;534,54;0;104,51;277,94;22,88
264;21/09/2024;6819;17120;41329;0;7563;454,29;127,13;591,7;0;98,06;310,01;18,47
265;22/09/2024;7251;14296;44679;0;8431;512,89;110,21;562,18;0;91,44;307,12;19,39
266;23/09/2024;8285;14211;35942;0;9917;558,58;108,17;564,8;0;88,69;313,51;22,66
267;24/09/2024;7949;13357;32869;0;8224;608,35;102,45;528,35;0;83,18;288,25;21,54
268;25/09/2024;6924;12967;30259;0;8357;591,73;97,51;492,3;0;77,97;202,68;17,65
269;26/09/2024;6325;13719;31666;0;8503;621,65;101,51;600,25;0;80,69;230,42;16,96
270;27/09/2024;6667;11836;30213;0;8542;534,46;103,92;638,83;0;74,68;259,64;18,53
271;28/09/2024;7296;12966;44116;0;7223;625,69;117,23;625,78;0;75,08;328,11;18,26
272;29/09/2024;6763;14262;33829;0;7786;440,56;108,54;604,23;0;75,66;281,65;20,57
273;30/09/2024;6669;19453;28507;0;7056;408,77;138,02;589,92;0;72,57;327,25;18,64
274;01/10/2024;5613;19293;60114;0;9017;362,34;128,01;631,26;0;95,49;265,86;15,03
275;02/10/2024;5537;16594;42456;0;8732;409,01;123,53;645,66;0;93,3;239,06;16,97
276;03/10/2024;7138;9369;35693;0;9997;615,96;73,77;676,21;0;90,97;238,15;21,35
277;04/10/2024;5724;23180;42518;0;7594;502,65;135,6;723,82;0;104,06;343,96;15,06
278;05/10/2024;5392;24982;44268;0;12867;493,23;134,39;662,48;0;157,99;336,59;15,64
279;06/10/2024;6281;15564;34167;0;14187;507,04;112,39;732,79;0;218,99;302,78;20,32
280;07/10/2024;5924;15048;31819;0;11891;497,54;89,66;651,41;0;167,64;217,11;16,67
281;08/10/2024;4790;15757;23483;0;10478;291,43;97,38;454,29;0;151,94;204,98;15,83
282;09/10/2024;4542;25306;24569;0;8103;286,3;137,01;311,47;0;91,37;269,14;10,97
283;10/10/2024;4523;23846;13208;0;4978;253,21;137,81;183,15;0;88,53;222,17;9,01
284;11/10/2024;4830;12568;19388;0;6242;334,05;80,37;317,03;0;103,79;177,01;11,77
285;12/10/2024;5249;14619;20048;0;7031;324,33;104,62;330,78;0;97,77;191,44;12,97
286;13/10/2024;6448;16678;23300;0;7805;406,54;102,64;331,7;0;99,75;235,38;11,03
287;14/10/2024;6617;17279;20368;0;5904;334,53;112,39;304,99;0;58,05;237,69;11,37
288;15/10/2024;5681;12842;38070;0;5764;310,56;94,01;290,07;0;73,9;195,14;15,37
289;16/10/2024;5188;10204;23628;0;8247;282,8;73,87;323,17;0;127,04;201,61;15,16
290;17/10/2024;4821;10762;24394;0;9173;267,25;75,03;230,83;0;121,76;158,1;13,55
291;18/10/2024;4268;10473;37646;0;6949;279,05;73,5;226,82;0;55,33;188,15;14,53
292;19/10/2024;4669;12116;29180;0;7550;330,42;94,9;319,44;0;48,56;212,47;11,61
293;20/10/2024;5580;13271;27980;0;9035;317,57;90,23;303,49;0;106,98;183,91;12,32
294;21/10/2024;5996;11338;34314;0;12360;351,75;91,77;331,02;0;115,55;183,38;13,45
295;22/10/2024;5577;10768;25905;0;19160;415,87;73,18;330,89;0;213,89;180,54;13,62
296;23/10/2024;6662;13736;27339;0;16238;408,75;83,89;380,22;0;176,7;184,87;13,88
297;24/10/2024;6109;17027;28575;0;12224;423,05;108,31;370,09;0;87,43;210,32;13,57
298;25/10/2024;5715;18987;18664;0;10791;349,34;132,88;300,83;0;103,65;227,84;9,7
299;26/10/2024;5289;19206;13170;0;7048;347,74;117,71;302,96;0;56,87;191,01;11,53
300;27/10/2024;5527;16260;13141;0;8050;413,11;110,27;242,01;0;74,81;182,6;11,9
301;28/10/2024;5733;13153;12522;0;10106;385,04;83,71;242,73;0;109,3;169,57;11,14
302;29/10/2024;5677;13067;13348;0;9374;356,07;76,66;219,74;0;72,98;158,73;10,99
303;30/10/2024;5396;13215;14563;0;8820;347,02;89,68;237,07;0;56,15;166,65;11,59
304;31/10/2024;4460;13602;14642;0;7904;310,42;90,04;224,12;0;60,14;140,83;15,29
305;01/11/2024;5362;13927;12056;0;8818;327,52;82,34;240,52;0;74,95;146,68;12,69
306;02/11/2024;5502;14114;14932;0;8408;397,72;104,48;246,73;0;52,3;152,47;10,88
307;03/11/2024;6576;14576;16010;0;7573;394,04;92,91;247,07;0;61,53;198,01;13,21
308;04/11/2024;6052;13588;17049;0;7635;414,08;93,22;250,7;0;50,56;186,69;13,25
309;05/11/2024;5108;11514;17530;0;8791;362,12;75,82;224,77;0;91,26;178,36;12,56
310;06/11/2024;4980;9447;16228;0;7873;318,78;63,78;281,04;0;66,21;167,24;15,45
311;07/11/2024;5119;10562;19373;0;6234;353,44;80,26;272,84;0;31,01;160,03;13,82
312;08/11/2024;5099;12322;20342;0;5825;399,2;86,79;244,86;0;53,6;158,25;13,14
313;09/11/2024;4681;12255;15927;0;6994;332,93;82,06;250,41;0;50,7;164,67;13,36
314;10/11/2024;5035;12610;16356;0;6865;358,62;104,21;266,44;0;79,24;179,67;13,07
315;11/11/2024;6246;10468;17627;0;7958;405,13;82,81;251;0;74,21;152,63;14,54
316;12/11/2024;5542;9974;17066;0;7483;381,39;67,23;238,66;0;65,71;138,52;11,64
317;13/11/2024;4922;10254;9504;0;5312;388,55;65,1;242,17;0;46,92;141,86;12,65
318;14/11/2024;3762;125470;7947;0;1652;304,06;206,66;201,55;0;0;443,16;2,17
319;15/11/2024;4333;116015;9207;0;2065;313,51;210,86;251,1;0;2,31;755,41;2,18
320;16/11/2024;5136;131826;12822;0;2715;351,83;217,46;221,48;0;10,8;812,65;2,66
321;17/11/2024;4810;83776;15883;0;2063;310,49;202,11;205,48;0;3,36;574,28;3,32
322;18/11/2024;4966;42309;16418;0;2412;333,42;108,69;219,1;0;10,47;424,36;6,15
323;19/11/2024;4868;30866;12043;0;4022;327,68;91,32;234,78;0;19,37;275,16;6,3
324;20/11/2024;4592;44987;15665;0;4893;317,6;118,32;212,25;0;34,24;354,37;4,62
325;21/11/2024;4395;46499;13884;0;26892;347;106,41;258,71;0;152,92;363,6;6,86
326;22/11/2024;4407;47935;69749;0;25048;329,4;106,87;318,43;0;132,04;410,33;4,58
327;23/11/2024;3729;46945;20896;0;21091;286,13;105,41;290,74;0;107,56;342,43;5,33
328;24/11/2024;3975;47846;30806;0;29529;305,72;118,04;295,83;0;101,02;337,26;7,16
329;25/11/2024;4386;43010;38979;0;30895;342,57;86,55;262,29;0;77,44;370,61;6,85
330;26/11/2024;3865;42388;27075;0;34161;292,29;89,49;278,88;0;86,39;334,73;5,49
331;27/11/2024;4101;42817;21130;0;22114;305,09;85,48;294,64;0;63,93;320,01;5,86
332;28/11/2024;3971;44929;79961;0;26635;313,54;99,3;378,08;0;65,24;367,56;7,22
333;29/11/2024;4921;50185;56342;0;18762;373,53;138,77;388,73;0;101,1;354,48;8,29
334;30/11/2024;4374;43285;51608;0;41695;332,17;133,06;354,71;0;130,19;363,86;7,8
335;01/12/2024;4292;40742;32202;0;39867;343,38;74,33;327,56;0;98,57;351,84;7,29
336;02/12/2024;4668;41052;28227;0;27462;422,24;62,62;348,89;0;82,17;334,92;7,94
337;03/12/2024;5093;39921;19824;0;38459;441,85;81,36;349,77;0;103,78;341,24;8,57
338;04/12/2024;5086;45488;23789;0;35237;397,24;111,44;320,47;0;111,5;331,26;5,33
339;05/12/2024;5588;47537;22085;0;25344;432,78;133,5;323,97;0;94,85;381,36;8
340;06/12/2024;5420;48171;50282;0;26529;463,22;137,56;310,84;0;82,41;365,5;7,17
341;07/12/2024;4399;48668;51554;0;26366;422,53;150,24;298,13;0;105,02;347,29;9,19
342;08/12/2024;5338;47400;23579;0;31277;435,59;112,89;305,61;0;131,42;311,76;8,93
343;09/12/2024;5280;50012;55881;0;29887;493,65;107,79;331,26;0;111,06;349,07;7,17
344;10/12/2024;6296;50062;32003;0;20518;456,71;110,3;352,82;0;94,34;387,29;7,58
345;11/12/2024;5234;51405;42829;0;19588;441,28;104,66;307,84;0;84,83;320,05;8,66
346;12/12/2024;4884;58606;36828;0;23821;455,98;92,67;364,34;0;88,08;334,11;9,24
347;13/12/2024;5827;56850;38158;0;21138;466,8;89,66;324,36;0;94,23;400,98;8,7
348;14/12/2024;5416;56747;25307;0;17522;461,55;137,43;336,76;0;82,12;346,38;8,46
349;15/12/2024;5357;54657;65494;0;18935;468,47;113,19;333,4;0;122,04;336,34;10,01
350;16/12/2024;5827;45542;18994;0;20971;482,78;115,7;325,14;0;157,32;328,1;10,22
351;17/12/2024;5321;18096;64662;0;15783;438,04;117,46;320,51;0;99,25;226,06;16,14
352;18/12/2024;5354;16539;15483;0;22756;486,18;109,25;301,19;0;104,75;211,6;16,49
353;19/12/2024;4915;15332;13956;0;18132;440,79;90,28;320,66;0;88,06;190,2;16,15
354;20/12/2024;5013;16255;16044;0;11773;401,18;105,22;304,55;0;72,78;201,34;15,72
355;21/12/2024;5739;16734;16352;0;9036;388,25;129,3;295,22;0;82,2;235,12;15,91
356;22/12/2024;4789;20205;13609;0;9223;379,65;136,32;277;0;86,12;241,99;15,55
357;23/12/2024;5176;16156;11717;0;9879;439,8;110,92;295,41;0;104,97;208,68;16,62
358;24/12/2024;4882;17694;13351;0;8659;386,25;116,63;270,33;0;41,45;232,9;15,5
359;25/12/2024;5036;16683;14339;0;9469;385,48;108,01;311,04;0;66,5;188,61;15,34
360;26/12/2024;5676;16014;34961;0;11716;412,89;93,03;289,99;0;105,89;165,59;16,34
361;27/12/2024;5520;17115;10564;0;14967;422,46;113,4;269,4;0;149,49;194,79;14,23
362;28/12/2024;5367;18246;10467;0;12843;397,39;129,42;281,83;0;116,18;207,85;13,57
363;29/12/2024;5148;18650;8203;0;11231;363,98;133,84;277,54;0;91,98;196,08;13,23
364;30/12/2024;5189;19869;13847;0;11192;361,93;122,49;261,93;0;87,52;176,75;10,01
365;31/12/2024;4534;20480;9411;0;9605;291,2;126,63;231,87;0;65,05;186,24;13,13